<beans xmlns="http://www.springframework.org/schema/beans"
       xmlns:xsi="http://www.w3.org/2001/XMLSchema-instance"
       xsi:schemaLocation="http://www.springframework.org/schema/beans
       http://www.springframework.org/schema/beans/spring-beans.xsd">

    <!-- Bean for Employee with constructor dependency injection -->
    <bean id="employee" class="com.klef.jfsd.exam.Employee">
        <constructor-arg value="101"/>
        <constructor-arg value="John Doe"/>
        <constructor-arg value="75000.0"/>
        <constructor-arg value="IT"/>
        <constructor-arg>
            <list>
                <value>Java</value>
                <value>Spring</value>
                <value>SQL</value>
            </list>
        </constructor-arg>
    </bean>

    <!-- Bean for Instructor -->
    <bean id="instructor" class="com.klef.jfsd.exam.Instructor">
        <property name="instructorId" value="201"/>
        <property name="name" value="Jane Smith"/>
        <property name="email" value="jane.smith@example.com"/>
        <property name="phoneNumber" value="123-456-7890"/>
    </bean>

    <!-- Bean for Course with Autowire -->
    <bean id="course" class="com.klef.jfsd.exam.Course" autowire="byType">
        <property name="courseId" value="301"/>
        <property name="courseName" value="Spring Framework"/>
        <property name="credits" value="4"/>
    </bean>
</beans>
